
{
      "reporter": "mochawesome",
      "reporterOptions": {
        "reportDir": "cypress/results",
        "overwrite": false,
        "html": false,
        "json": true,
        "timestamp": "mmddyyyy_HHMMss"
      },
      "screenshotsFolder": "mochawesome-report/assets",
      "env":{
        "CCI-URL": "cci/login.aspx",
        "CCI-PWD": "@dmin",
        "CDS-URL": "cds/login.aspx",
        "CDS-PWD": "@dmin",
        "DEMO-URL": "Demo/login.aspx",
        "DEMO-PWD": "@dmin",
        "FESCUM-URL": "fescum/login.aspx",
        "FESCUM-PWD": "sugram",
        "FMCS-URL": "fmcs/login.aspx",
        "FMCS-PWD": "@dmin",
        "FRONTLINE-URL": "Frontline/login.aspx",
        "FRONTLINE-PWD": "@dmin",
        "GMHS-URL": "GMHS_1/login.aspx",
        "GMHS-PWD": "@dmin",
        "HAJS-URL": "hajs/login.aspx",
        "HAJS-PWD": "@dmin",
        "HRS-URL": "hrs/login.aspx",
        "HRS-PWD": "@dmin",
        "ICS-URL": "ics/login.aspx",
        "ICS-PWD": "@dmin",
        "ILS-URL": "ILS/login.aspx",
        "ILS-PWD": "sugram",
        "ILSDAY-URL": "ILSday/login.aspx",
        "ILSDAY-PWD": "@dmin",
        "METRO-URL": "metro/login.aspx",
        "METRO-PWD": "admin",
        "METRODAY-URL": "metroday/login.aspx",
        "METRODAY-PWD": "admin",
        "VANMAR-URL": "vanmar/login.aspx",
        "VANMAR-PWD": "@dmin",
        "VAO-DC-URL": "voa-dc/login.aspx",
        "VAO-DC-PWD": "@dmin"
      }
  }
  