{
  "baseUrl": "https://apps.sevahealth.com/",
  "env":{
    "CCI-URL": "CCI/login.aspx",
    "CCI-PWD": "@dmin",
    "CDS-URL": "CDS/login.aspx",
    "CDS-PWD": "@dmin",
    "DEMO-URL": "DEMO/login.aspx",
    "DEMO-PWD": "@dmin",
    "FESCUM-URL": "FESCUM/login.aspx",
    "FESCUM-PWD": "@dmin",
    "FMCS-URL": "FMCS/login.aspx",
    "FMCS-PWD": "@dmin",
    "FRONTLINE-URL": "FRONTLINE/login.aspx",
    "FRONTLINE-PWD": "@dmin",
    "GMHS-URL": "GMHS/login.aspx",
    "GMHS-PWD": "@dmin",
    "HAJS-URL": "HAJS/login.aspx",
    "HAJS-PWD": "@dmin",
    "HRS-URL": "HRS/login.aspx",
    "HRS-PWD": "@dmin",
    "ICS-URL": "ICS/login.aspx",
    "ICS-PWD": "@dmin",
    "ILS-URL": "ILS/login.aspx",
    "ILS-PWD": "sugram",
    "ILSDAY-URL": "ILSday/login.aspx",
    "ILSDAY-PWD": "@dmin",
    "METRO-URL": "METRO/login.aspx",
    "METRO-PWD": "@dmin",
    "METRODAY-URL": "METRODAY/login.aspx",
    "METRODAY-PWD": "@dmin",
    "VANMAR-URL": "VANMAR/login.aspx",
    "VANMAR-PWD": "@dmin",
    "VAO-DC-URL": "VOA_DC/login.aspx",
    "VAO-DC-PWD": "@dmin"
  }

}